dataset,retriever,num_questions,hit@1,hit@3,mrr@3
simple,keyword,9,0.8888888888888888,1.0,0.9444444444444444
simple,bm25,9,1.0,1.0,1.0
simple,dense,9,0.7777777777777778,0.8888888888888888,0.8333333333333334
simple,hybrid,9,1.0,1.0,1.0
paraphrase,keyword,5,0.6,1.0,0.8
paraphrase,bm25,5,0.8,0.8,0.8
paraphrase,dense,5,0.4,0.8,0.5666666666666667
paraphrase,hybrid,5,0.6,0.8,0.7
